__VisualizationStyle; ;Element-BarDisplayImage-Yellow-Horizontal;element-bardisplayimage-yellow-horizontal.svg;
__VisualizationStyle; ;Element-BarDisplayImage-Yellow-Vertical;element-bardisplayimage-yellow-vertical.svg;
__VisualizationStyle; ;Element-BarDisplayImage-Red-Horizontal;element-bardisplayimage-red-horizontal.svg;
__VisualizationStyle; ;Element-BarDisplayImage-Red-Vertical;element-bardisplayimage-red-vertical.svg;
__VisualizationStyle; ;Element-BarDisplayImage-Green-Horizontal;element-bardisplayimage-green-horizontal.svg;
__VisualizationStyle; ;Element-BarDisplayImage-Green-Vertical;element-bardisplayimage-green-vertical.svg;
__VisualizationStyle; ;Element-BarDisplayImage-Blue-Horizontal;element-bardisplayimage-blue-horizontal.svg;
__VisualizationStyle; ;Element-BarDisplayImage-Blue-Vertical;element-bardisplayimage-blue-vertical.svg;
__VisualizationStyle; ;Element-BarDisplayImage-Gray-Horizontal;element-bardisplayimage-gray-horizontal.svg;
__VisualizationStyle; ;Element-BarDisplayImage-Gray-Vertical;element-bardisplayimage-gray-vertical.svg;
__VisualizationStyle; ;Element-Potentiometer-Potentiometer360-Yellow;element-potentiometer-potentiometer360-yellow.svg;
__VisualizationStyle; ;Element-Potentiometer-Potentiometer360-Red;element-potentiometer-potentiometer360-red.svg;
__VisualizationStyle; ;Element-Potentiometer-Potentiometer360-Green;element-potentiometer-potentiometer360-green.svg;
__VisualizationStyle; ;Element-Potentiometer-Potentiometer360-Blue;element-potentiometer-potentiometer360-blue.svg;
__VisualizationStyle; ;Element-Potentiometer-Potentiometer360-Gray;element-potentiometer-potentiometer360-gray.svg;
__VisualizationStyle; ;Element-Meter-Meter360-Yellow;element-meter-meter360-yellow.svg;
__VisualizationStyle; ;Element-Meter-Meter360-Red;element-meter-meter360-red.svg;
__VisualizationStyle; ;Element-Meter-Meter360-Green;element-meter-meter360-green.svg;
__VisualizationStyle; ;Element-Meter-Meter360-Blue;element-meter-meter360-blue.svg;
__VisualizationStyle; ;Element-Meter-Meter360-Gray;element-meter-meter360-gray.svg;
__VisualizationStyle; ;Element-Meter-Meter180-Yellow-Top;element-meter-meter180-yellow-top.svg;
__VisualizationStyle; ;Element-Meter-Meter180-Yellow-Bottom;element-meter-meter180-yellow-bottom.svg;
__VisualizationStyle; ;Element-Meter-Meter180-Yellow-Left;element-meter-meter180-yellow-left.svg;
__VisualizationStyle; ;Element-Meter-Meter180-Yellow-Right;element-meter-meter180-yellow-right.svg;
__VisualizationStyle; ;Element-Meter-Meter180-Red-Top;element-meter-meter180-red-top.svg;
__VisualizationStyle; ;Element-Meter-Meter180-Red-Bottom;element-meter-meter180-red-bottom.svg;
__VisualizationStyle; ;Element-Meter-Meter180-Red-Left;element-meter-meter180-red-left.svg;
__VisualizationStyle; ;Element-Meter-Meter180-Red-Right;element-meter-meter180-red-right.svg;
__VisualizationStyle; ;Element-Meter-Meter180-Green-Top;element-meter-meter180-green-top.svg;
__VisualizationStyle; ;Element-Meter-Meter180-Green-Bottom;element-meter-meter180-green-bottom.svg;
__VisualizationStyle; ;Element-Meter-Meter180-Green-Left;element-meter-meter180-green-left.svg;
__VisualizationStyle; ;Element-Meter-Meter180-Green-Right;element-meter-meter180-green-right.svg;
__VisualizationStyle; ;Element-Meter-Meter180-Blue-Top;element-meter-meter180-blue-top.svg;
__VisualizationStyle; ;Element-Meter-Meter180-Blue-Bottom;element-meter-meter180-blue-bottom.svg;
__VisualizationStyle; ;Element-Meter-Meter180-Blue-Left;element-meter-meter180-blue-left.svg;
__VisualizationStyle; ;Element-Meter-Meter180-Blue-Right;element-meter-meter180-blue-right.svg;
__VisualizationStyle; ;Element-Meter-Meter180-Gray-Top;element-meter-meter180-gray-top.svg;
__VisualizationStyle; ;Element-Meter-Meter180-Gray-Bottom;element-meter-meter180-gray-bottom.svg;
__VisualizationStyle; ;Element-Meter-Meter180-Gray-Left;element-meter-meter180-gray-left.svg;
__VisualizationStyle; ;Element-Meter-Meter180-Gray-Right;element-meter-meter180-gray-right.svg;
__VisualizationStyle; ;Element-Meter-Meter90-Yellow-TopRight;element-meter-meter90-yellow-topright.svg;
__VisualizationStyle; ;Element-Meter-Meter90-Yellow-TopLeft;element-meter-meter90-yellow-topleft.svg;
__VisualizationStyle; ;Element-Meter-Meter90-Yellow-BottomLeft;element-meter-meter90-yellow-bottomleft.svg;
__VisualizationStyle; ;Element-Meter-Meter90-Yellow-BottomRight;element-meter-meter90-yellow-bottomright.svg;
__VisualizationStyle; ;Element-Meter-Meter90-Red-TopRight;element-meter-meter90-red-topright.svg;
__VisualizationStyle; ;Element-Meter-Meter90-Red-TopLeft;element-meter-meter90-red-topleft.svg;
__VisualizationStyle; ;Element-Meter-Meter90-Red-BottomLeft;element-meter-meter90-red-bottomleft.svg;
__VisualizationStyle; ;Element-Meter-Meter90-Red-BottomRight;element-meter-meter90-red-bottomright.svg;
__VisualizationStyle; ;Element-Meter-Meter90-Green-TopRight;element-meter-meter90-green-topright.svg;
__VisualizationStyle; ;Element-Meter-Meter90-Green-TopLeft;element-meter-meter90-green-topleft.svg;
__VisualizationStyle; ;Element-Meter-Meter90-Green-BottomLeft;element-meter-meter90-green-bottomleft.svg;
__VisualizationStyle; ;Element-Meter-Meter90-Green-BottomRight;element-meter-meter90-green-bottomright.svg;
__VisualizationStyle; ;Element-Meter-Meter90-Blue-TopRight;element-meter-meter90-blue-topright.svg;
__VisualizationStyle; ;Element-Meter-Meter90-Blue-TopLeft;element-meter-meter90-blue-topleft.svg;
__VisualizationStyle; ;Element-Meter-Meter90-Blue-BottomLeft;element-meter-meter90-blue-bottomleft.svg;
__VisualizationStyle; ;Element-Meter-Meter90-Blue-BottomRight;element-meter-meter90-blue-bottomright.svg;
__VisualizationStyle; ;Element-Meter-Meter90-Gray-TopRight;element-meter-meter90-gray-topright.svg;
__VisualizationStyle; ;Element-Meter-Meter90-Gray-TopLeft;element-meter-meter90-gray-topleft.svg;
__VisualizationStyle; ;Element-Meter-Meter90-Gray-BottomLeft;element-meter-meter90-gray-bottomleft.svg;
__VisualizationStyle; ;Element-Meter-Meter90-Gray-BottomRight;element-meter-meter90-gray-bottomright.svg;
__VisualizationStyle; ;Element-Switch-DipSwitch-Blue-Off;element-switch-dipswitch-blue-off.svg;
__VisualizationStyle; ;Element-Switch-DipSwitch-Blue-On;element-switch-dipswitch-blue-on.svg;
__VisualizationStyle; ;Element-Switch-DipSwitch-Green-Off;element-switch-dipswitch-green-off.svg;
__VisualizationStyle; ;Element-Switch-DipSwitch-Green-On;element-switch-dipswitch-green-on.svg;
__VisualizationStyle; ;Element-Switch-DipSwitch-Red-Off;element-switch-dipswitch-red-off.svg;
__VisualizationStyle; ;Element-Switch-DipSwitch-Red-On;element-switch-dipswitch-red-on.svg;
__VisualizationStyle; ;Element-Switch-DipSwitch-Yellow-Off;element-switch-dipswitch-yellow-off.svg;
__VisualizationStyle; ;Element-Switch-DipSwitch-Yellow-On;element-switch-dipswitch-yellow-on.svg;
__VisualizationStyle; ;Element-Switch-DipSwitch-Gray-Off;element-switch-dipswitch-gray-off.svg;
__VisualizationStyle; ;Element-Switch-DipSwitch-Gray-On;element-switch-dipswitch-gray-on.svg;
__VisualizationStyle; ;Element-Switch-RockerSwitch-Blue-Off;element-switch-rockerswitch-blue-off.svg;
__VisualizationStyle; ;Element-Switch-RockerSwitch-Blue-On;element-switch-rockerswitch-blue-on.svg;
__VisualizationStyle; ;Element-Switch-RockerSwitch-Green-Off;element-switch-rockerswitch-green-off.svg;
__VisualizationStyle; ;Element-Switch-RockerSwitch-Green-On;element-switch-rockerswitch-green-on.svg;
__VisualizationStyle; ;Element-Switch-RockerSwitch-Red-Off;element-switch-rockerswitch-red-off.svg;
__VisualizationStyle; ;Element-Switch-RockerSwitch-Red-On;element-switch-rockerswitch-red-on.svg;
__VisualizationStyle; ;Element-Switch-RockerSwitch-Yellow-Off;element-switch-rockerswitch-yellow-off.svg;
__VisualizationStyle; ;Element-Switch-RockerSwitch-Yellow-On;element-switch-rockerswitch-yellow-on.svg;
__VisualizationStyle; ;Element-Switch-RockerSwitch-Gray-Off;element-switch-rockerswitch-gray-off.svg;
__VisualizationStyle; ;Element-Switch-RockerSwitch-Gray-On;element-switch-rockerswitch-gray-on.svg;
__VisualizationStyle; ;Element-Switch-PowerSwitch-Blue-Off;element-switch-powerswitch-blue-off.svg;
__VisualizationStyle; ;Element-Switch-PowerSwitch-Blue-On;element-switch-powerswitch-blue-on.svg;
__VisualizationStyle; ;Element-Switch-PowerSwitch-Blue-Pushed;element-switch-powerswitch-blue-pushed.svg;
__VisualizationStyle; ;Element-Switch-PowerSwitch-Green-Off;element-switch-powerswitch-green-off.svg;
__VisualizationStyle; ;Element-Switch-PowerSwitch-Green-On;element-switch-powerswitch-green-on.svg;
__VisualizationStyle; ;Element-Switch-PowerSwitch-Green-Pushed;element-switch-powerswitch-green-pushed.svg;
__VisualizationStyle; ;Element-Switch-PowerSwitch-Red-Off;element-switch-powerswitch-red-off.svg;
__VisualizationStyle; ;Element-Switch-PowerSwitch-Red-On;element-switch-powerswitch-red-on.svg;
__VisualizationStyle; ;Element-Switch-PowerSwitch-Red-Pushed;element-switch-powerswitch-red-pushed.svg;
__VisualizationStyle; ;Element-Switch-PowerSwitch-Yellow-Off;element-switch-powerswitch-yellow-off.svg;
__VisualizationStyle; ;Element-Switch-PowerSwitch-Yellow-On;element-switch-powerswitch-yellow-on.svg;
__VisualizationStyle; ;Element-Switch-PowerSwitch-Yellow-Pushed;element-switch-powerswitch-yellow-pushed.svg;
__VisualizationStyle; ;Element-Switch-PowerSwitch-Gray-Off;element-switch-powerswitch-gray-off.svg;
__VisualizationStyle; ;Element-Switch-PowerSwitch-Gray-On;element-switch-powerswitch-gray-on.svg;
__VisualizationStyle; ;Element-Switch-PowerSwitch-Gray-Pushed;element-switch-powerswitch-gray-pushed.svg;
__VisualizationStyle; ;Element-Switch-PushSwitch-Blue-Off;element-switch-pushswitch-blue-off.svg;
__VisualizationStyle; ;Element-Switch-PushSwitch-Blue-On;element-switch-pushswitch-blue-on.svg;
__VisualizationStyle; ;Element-Switch-PushSwitch-Blue-Pushed;element-switch-pushswitch-blue-pushed.svg;
__VisualizationStyle; ;Element-Switch-PushSwitch-Green-Off;element-switch-pushswitch-green-off.svg;
__VisualizationStyle; ;Element-Switch-PushSwitch-Green-On;element-switch-pushswitch-green-on.svg;
__VisualizationStyle; ;Element-Switch-PushSwitch-Green-Pushed;element-switch-pushswitch-green-pushed.svg;
__VisualizationStyle; ;Element-Switch-PushSwitch-Red-Off;element-switch-pushswitch-red-off.svg;
__VisualizationStyle; ;Element-Switch-PushSwitch-Red-On;element-switch-pushswitch-red-on.svg;
__VisualizationStyle; ;Element-Switch-PushSwitch-Red-Pushed;element-switch-pushswitch-red-pushed.svg;
__VisualizationStyle; ;Element-Switch-PushSwitch-Yellow-Off;element-switch-pushswitch-yellow-off.svg;
__VisualizationStyle; ;Element-Switch-PushSwitch-Yellow-On;element-switch-pushswitch-yellow-on.svg;
__VisualizationStyle; ;Element-Switch-PushSwitch-Yellow-Pushed;element-switch-pushswitch-yellow-pushed.svg;
__VisualizationStyle; ;Element-Switch-PushSwitch-Gray-Off;element-switch-pushswitch-gray-off.svg;
__VisualizationStyle; ;Element-Switch-PushSwitch-Gray-On;element-switch-pushswitch-gray-on.svg;
__VisualizationStyle; ;Element-Switch-PushSwitch-Gray-Pushed;element-switch-pushswitch-gray-pushed.svg;
__VisualizationStyle; ;Element-Switch-PushSwitchLed-Blue-Off;element-switch-pushswitchled-blue-off.svg;
__VisualizationStyle; ;Element-Switch-PushSwitchLed-Blue-On;element-switch-pushswitchled-blue-on.svg;
__VisualizationStyle; ;Element-Switch-PushSwitchLed-Blue-Pushed;element-switch-pushswitchled-blue-pushed.svg;
__VisualizationStyle; ;Element-Switch-PushSwitchLed-Green-Off;element-switch-pushswitchled-green-off.svg;
__VisualizationStyle; ;Element-Switch-PushSwitchLed-Green-On;element-switch-pushswitchled-green-on.svg;
__VisualizationStyle; ;Element-Switch-PushSwitchLed-Green-Pushed;element-switch-pushswitchled-green-pushed.svg;
__VisualizationStyle; ;Element-Switch-PushSwitchLed-Red-Off;element-switch-pushswitchled-red-off.svg;
__VisualizationStyle; ;Element-Switch-PushSwitchLed-Red-On;element-switch-pushswitchled-red-on.svg;
__VisualizationStyle; ;Element-Switch-PushSwitchLed-Red-Pushed;element-switch-pushswitchled-red-pushed.svg;
__VisualizationStyle; ;Element-Switch-PushSwitchLed-Yellow-Off;element-switch-pushswitchled-yellow-off.svg;
__VisualizationStyle; ;Element-Switch-PushSwitchLed-Yellow-On;element-switch-pushswitchled-yellow-on.svg;
__VisualizationStyle; ;Element-Switch-PushSwitchLed-Yellow-Pushed;element-switch-pushswitchled-yellow-pushed.svg;
__VisualizationStyle; ;Element-Switch-PushSwitchLed-Gray-Off;element-switch-pushswitchled-gray-off.svg;
__VisualizationStyle; ;Element-Switch-PushSwitchLed-Gray-On;element-switch-pushswitchled-gray-on.svg;
__VisualizationStyle; ;Element-Switch-PushSwitchLed-Gray-Pushed;element-switch-pushswitchled-gray-pushed.svg;
__VisualizationStyle; ;Element-Switch-RotarySwitch-Blue-Left;element-switch-rotaryswitch-blue-left.svg;
__VisualizationStyle; ;Element-Switch-RotarySwitch-Blue-RightUp;element-switch-rotaryswitch-blue-rightup.svg;
__VisualizationStyle; ;Element-Switch-RotarySwitch-Blue-Down;element-switch-rotaryswitch-blue-down.svg;
__VisualizationStyle; ;Element-Switch-RotarySwitch-Blue-RUp-ColorOff;element-switch-rotaryswitch-blue-rup-coloroff.svg;
__VisualizationStyle; ;Element-Switch-RotarySwitch-Green-Left;element-switch-rotaryswitch-green-left.svg;
__VisualizationStyle; ;Element-Switch-RotarySwitch-Green-RightUp;element-switch-rotaryswitch-green-rightup.svg;
__VisualizationStyle; ;Element-Switch-RotarySwitch-Green-Down;element-switch-rotaryswitch-green-down.svg;
__VisualizationStyle; ;Element-Switch-RotarySwitch-Green-RUp-ColorOff;element-switch-rotaryswitch-green-rup-coloroff.svg;
__VisualizationStyle; ;Element-Switch-RotarySwitch-Red-Left;element-switch-rotaryswitch-red-left.svg;
__VisualizationStyle; ;Element-Switch-RotarySwitch-Red-RightUp;element-switch-rotaryswitch-red-rightup.svg;
__VisualizationStyle; ;Element-Switch-RotarySwitch-Red-Down;element-switch-rotaryswitch-red-down.svg;
__VisualizationStyle; ;Element-Switch-RotarySwitch-Red-RUp-ColorOff;element-switch-rotaryswitch-red-rup-coloroff.svg;
__VisualizationStyle; ;Element-Switch-RotarySwitch-Yellow-Left;element-switch-rotaryswitch-yellow-left.svg;
__VisualizationStyle; ;Element-Switch-RotarySwitch-Yellow-RightUp;element-switch-rotaryswitch-yellow-rightup.svg;
__VisualizationStyle; ;Element-Switch-RotarySwitch-Yellow-Down;element-switch-rotaryswitch-yellow-down.svg;
__VisualizationStyle; ;Element-Switch-RotarySwitch-Yellow-RUp-ColorOff;element-switch-rotaryswitch-yellow-rup-coloroff.svg;
__VisualizationStyle; ;Element-Switch-RotarySwitch-Gray-Left;element-switch-rotaryswitch-gray-left.svg;
__VisualizationStyle; ;Element-Switch-RotarySwitch-Gray-RightUp;element-switch-rotaryswitch-gray-rightup.svg;
__VisualizationStyle; ;Element-Switch-RotarySwitch-Gray-Down;element-switch-rotaryswitch-gray-down.svg;
__VisualizationStyle; ;Element-Switch-RotarySwitch-Gray-RUp-ColorOff;element-switch-rotaryswitch-gray-rup-coloroff.svg;
__VisualizationStyle; ;Element-Lamp-Lamp1-Blue-Off;element-lamp-lamp1-blue-off.svg;
__VisualizationStyle; ;Element-Lamp-Lamp1-Blue-On;element-lamp-lamp1-blue-on.svg;
__VisualizationStyle; ;Element-Lamp-Lamp1-Green-Off;element-lamp-lamp1-green-off.svg;
__VisualizationStyle; ;Element-Lamp-Lamp1-Green-On;element-lamp-lamp1-green-on.svg;
__VisualizationStyle; ;Element-Lamp-Lamp1-Red-Off;element-lamp-lamp1-red-off.svg;
__VisualizationStyle; ;Element-Lamp-Lamp1-Red-On;element-lamp-lamp1-red-on.svg;
__VisualizationStyle; ;Element-Lamp-Lamp1-Yellow-Off;element-lamp-lamp1-yellow-off.svg;
__VisualizationStyle; ;Element-Lamp-Lamp1-Yellow-On;element-lamp-lamp1-yellow-on.svg;
__VisualizationStyle; ;Element-Lamp-Lamp1-Gray-Off;element-lamp-lamp1-gray-off.svg;
__VisualizationStyle; ;Element-Lamp-Lamp1-Gray-On;element-lamp-lamp1-gray-on.svg;
__VisualizationStyle; ;Element-Clock-Blue;element-clock-blue.svg;
__VisualizationStyle; ;Element-Clock-Gray;element-clock-gray.svg;
__VisualizationStyle; ;Element-Clock-Green;element-clock-green.svg;
__VisualizationStyle; ;Element-Clock-Red;element-clock-red.svg;
__VisualizationStyle; ;Element-Clock-Yellow;element-clock-yellow.svg;
__VisualizationStyle; ;RadioButtonUnchecked;radiobuttonunchecked.svg;
__VisualizationStyle; ;RadioButtonChecked;radiobuttonchecked.svg;
__VisualizationStyle; ;CheckboxUnchecked;checkboxunchecked.svg;
__VisualizationStyle; ;CheckboxChecked;checkboxchecked.svg;
IP_FileStorage;AC_PERSIST;ASCIIFileStorage16;asciifilestorage16.bmp;
IP_FileStorage;AC_PERSIST;ASCIIFileStorage32;asciifilestorage32.bmp;
IP_FileStorage;AC_PERSIST;BinaryFileStorage16;binaryfilestorage16.bmp;
IP_FileStorage;AC_PERSIST;BinaryFileStorage32;binaryfilestorage32.bmp;
IP_PersistenceManager;AC_PERSIST;PersistenceManager32;persistencemanager32.bmp;
IP_PersistenceManager;AC_PERSIST;PersistenceChannel32;persistencechannel16.bmp;
IP_PersistenceManager;AC_PERSIST;Memory;memory48.bmp;
IP_PersistenceManager;AC_PERSIST;Read;read48.bmp;
IP_PersistenceManager;AC_PERSIST;Write;write48.bmp;
IP_PersistenceManager;AC_PERSIST;PersistenceManager16;persistencemanager16.bmp;
IP_PersistenceManager;AC_PERSIST;PersistenceChannel16;persistencechannel16.bmp;
IP_Toplevel_Template;AC_PERSIST.AC;CoDeSysLogo;logo_codesys_08_h_skala.gif;
IP_Toplevel_Template;AC_PERSIST.AC;ArrowLeft;arrow_left.png;
IP_Toplevel_Template;AC_PERSIST.AC;ArrowRight;arrow_right.png;
IP_Toplevel_Template;AC_PERSIST.AC;ArrowUp;arrow_up.png;
IP_ElementImages;VisuElems;RoundRectangle;roundrectangle.svg;
IP_ElementImages;VisuElems;Ellipse;ellipse.svg;
IP_ElementImages;VisuElems;Polygon;polygon.svg;
IP_ElementImages;VisuElems;Polyline;polyline.svg;
IP_ElementImages;VisuElems;BezierCurve;b√©ziercurve.svg;
IP_ElementImages;VisuElems;Button;button.svg;
IP_ElementImages;VisuElems;Image;image.svg;
IP_ElementImages;VisuElems;Line;line.svg;
IP_ElementImages;VisuElems;Pie;pie.svg;
IP_ElementImages;VisuElems;Frame;frame.svg;
IP_ElementImages;VisuElems;Groupbox;groupbox.svg;
IP_ElementImages;VisuElems;TabControl;tabcontrol.svg;
IP_ElementImages;VisuElems;Rectangle;rectangle.svg;
IP_ElementImages;VisuElemMeter;Histogram;histogram.svg;
IP_ElementImages;VisuElemsSpecialControls;ImageSwitcher;imageswitcher.svg;
IP_ElementImages;VisuElemsSpecialControls;WaitingSymbolCube;waitingcube.svg;
IP_ElementImages;VisuElemsSpecialControls;WaitingSymbolFlower;waitingflower.svg;
IP_ElementImages;VisuElemsWinControls;Checkbox;checkbox.svg;
IP_ElementImages;VisuElemsWinControls;ComboBoxInteger;combobox.svg;
IP_ElementImages;VisuElemsWinControls;ComboBoxArray;comboboxarray.svg;
IP_ElementImages;VisuElemsWinControls;InvisibleInput;invisibleinput.svg;
IP_ElementImages;VisuElemsWinControls;Label;label.svg;
IP_ElementImages;VisuElemsWinControls;ProgressBar;progressbar.svg;
IP_ElementImages;VisuElemsWinControls;RadioButton;radiobutton.svg;
IP_ElementImages;VisuElemsWinControls;Scrollbar;scrollbar.svg;
IP_ElementImages;VisuElemsWinControls;Slider;slider.svg;
IP_ElementImages;VisuElemsWinControls;SpinControl;spincontrol.svg;
IP_ElementImages;VisuElemsWinControls;Table;table.svg;
IP_ElementImages;VisuElemsWinControls;TextField;textfield.svg;
IP_ElementImages;VisuElemTextEditor;TextEditor;texteditor.svg;
IP_ElementImages;VisuElemTrace;RuntimeTrace;trace.svg;
IP_ElementImages;VisuElemTrace;Trend;trend.svg;
IP_ElementImages;VisuElemTrace;LegendDisplayer;legend.svg;
IP_ElementImages;VisuNativeControl;NativeControl;activex.svg;
IP_ElementImages;VisuNativeControl;BrowserControl;webbrowser.svg;
IP_ElementImages;VisuElemsAlarm;AlarmBanner;alarmbanner.svg;
IP_ElementImages;VisuElemsAlarm;AlarmTable;alarmtable.svg;
IP_ElementImages;VisuElemCamDisplayer;CamDisplayer;camdisplayer.svg;
ImagePool_3DPath;VisuElem3DPath;ControlPanel;navigationspanel_ohnerand.svg;
IP_ElementImages;VisuElem3DPath;3DPath;3dpath.svg;
IP_ElementImages;VisuElemsDateTime;DateRangeSelector;daterange.svg;
IP_ElementImages;VisuElemsDateTime;TimeSelector;timeselector.svg;
IP_ElementImages;VisuElemsDateTime;AnalogClock;uhr.svg;
IP_ElementImages;VisuElemsDateTime;Calendar;kalender.svg;
IP_ElementImages;VisuElemsDateTime;DateTimePicker;kalenderday.svg;
IP_ElementImages;VisuElemXYChart;XYChart;xychart.svg;
Symbols;SM3_Robotics_Visu.VisuSymbols;4ArrowsIn;4arrowsin.svg;
Symbols;SM3_Robotics_Visu.VisuSymbols;4ArrowsOut;4arrowsout.svg;
Symbols;SM3_Robotics_Visu.VisuSymbols;4ArrowsOut2;4arrowsout2.svg;
Symbols;SM3_Robotics_Visu.VisuSymbols;AddUser;adduser.svg;
Symbols;SM3_Robotics_Visu.VisuSymbols;AlarmClock;alarmclock.svg;
Symbols;SM3_Robotics_Visu.VisuSymbols;Appendix;appendix.svg;
Symbols;SM3_Robotics_Visu.VisuSymbols;ArrowBack;arrowback.svg;
Symbols;SM3_Robotics_Visu.VisuSymbols;ArrowBoldDown;arrowbolddown.svg;
Symbols;SM3_Robotics_Visu.VisuSymbols;ArrowBoldLeft;arrowboldleft.svg;
Symbols;SM3_Robotics_Visu.VisuSymbols;ArrowBoldLeftDown;arrowboldleftdown.svg;
Symbols;SM3_Robotics_Visu.VisuSymbols;ArrowBoldLeftUp;arrowboldleftup.svg;
Symbols;SM3_Robotics_Visu.VisuSymbols;ArrowBoldRight;arrowboldright.svg;
Symbols;SM3_Robotics_Visu.VisuSymbols;ArrowBoldRightDown;arrowboldrightdown.svg;
Symbols;SM3_Robotics_Visu.VisuSymbols;ArrowBoldRightUp;arrowboldrightup.svg;
Symbols;SM3_Robotics_Visu.VisuSymbols;ArrowBoldUp;arrowboldup.svg;
Symbols;SM3_Robotics_Visu.VisuSymbols;ArrowCircle2LeftRightLeft;arrowcircle2leftrightleft.svg;
Symbols;SM3_Robotics_Visu.VisuSymbols;ArrowCircle2LeftUpDown;arrowcircle2leftupdown.svg;
Symbols;SM3_Robotics_Visu.VisuSymbols;ArrowCircle2RightRightLeft;arrowcircle2rightrightleft.svg;
Symbols;SM3_Robotics_Visu.VisuSymbols;ArrowCircle2RightUpDown;arrowcircle2rightupdown.svg;
Symbols;SM3_Robotics_Visu.VisuSymbols;ArrowDown;arrowdown.svg;
Symbols;SM3_Robotics_Visu.VisuSymbols;ArrowDownLeft;arrowdownleft.svg;
Symbols;SM3_Robotics_Visu.VisuSymbols;ArrowDownRight;arrowdownright.svg;
Symbols;SM3_Robotics_Visu.VisuSymbols;ArrowForward;arrowforward.svg;
Symbols;SM3_Robotics_Visu.VisuSymbols;ArrowHalfLeftDown;arrowhalfleftdown.svg;
Symbols;SM3_Robotics_Visu.VisuSymbols;ArrowHalfLeftLeft;arrowhalfleftleft.svg;
Symbols;SM3_Robotics_Visu.VisuSymbols;ArrowHalfLeftRight;arrowhalfleftright.svg;
Symbols;SM3_Robotics_Visu.VisuSymbols;ArrowHalfLeftUp;arrowhalfleftup.svg;
Symbols;SM3_Robotics_Visu.VisuSymbols;ArrowHalfRightDown;arrowhalfrightdown.svg;
Symbols;SM3_Robotics_Visu.VisuSymbols;ArrowHalfRightLeft;arrowhalfrightleft.svg;
Symbols;SM3_Robotics_Visu.VisuSymbols;ArrowHalfRightRight;arrowhalfrightright.svg;
Symbols;SM3_Robotics_Visu.VisuSymbols;ArrowHalfRightUp;arrowhalfrightup.svg;
Symbols;SM3_Robotics_Visu.VisuSymbols;ArrowQuarterLeftDown;arrowquarterleftdown.svg;
Symbols;SM3_Robotics_Visu.VisuSymbols;ArrowQuarterLeftLeft;arrowquarterleftleft.svg;
Symbols;SM3_Robotics_Visu.VisuSymbols;ArrowQuarterLeftRight;arrowquarterleftright.svg;
Symbols;SM3_Robotics_Visu.VisuSymbols;ArrowQuarterLeftUp;arrowquarterleftup.svg;
Symbols;SM3_Robotics_Visu.VisuSymbols;ArrowQuarterRightDown;arrowquarterrightdown.svg;
Symbols;SM3_Robotics_Visu.VisuSymbols;ArrowQuarterRightLeft;arrowquarterrightleft.svg;
Symbols;SM3_Robotics_Visu.VisuSymbols;ArrowQuarterRightRight;arrowquarterrightright.svg;
Symbols;SM3_Robotics_Visu.VisuSymbols;ArrowQuarterRightUp;arrowquarterrightup.svg;
Symbols;SM3_Robotics_Visu.VisuSymbols;ArrowRoundLeftBottom;arrowroundleftbottom.svg;
Symbols;SM3_Robotics_Visu.VisuSymbols;ArrowRoundLeftLeft;arrowroundleftleft.svg;
Symbols;SM3_Robotics_Visu.VisuSymbols;ArrowRoundLeftRight;arrowroundleftright.svg;
Symbols;SM3_Robotics_Visu.VisuSymbols;ArrowRoundLeftUp;arrowroundleftup.svg;
Symbols;SM3_Robotics_Visu.VisuSymbols;ArrowRoundRightDown;arrowroundrightdown.svg;
Symbols;SM3_Robotics_Visu.VisuSymbols;ArrowRoundRightLeft;arrowroundrightleft.svg;
Symbols;SM3_Robotics_Visu.VisuSymbols;ArrowRoundRightRight;arrowroundrightright.svg;
Symbols;SM3_Robotics_Visu.VisuSymbols;ArrowRoundRightUp;arrowroundrightup.svg;
Symbols;SM3_Robotics_Visu.VisuSymbols;ArrowUpLeft;arrowupleft.svg;
Symbols;SM3_Robotics_Visu.VisuSymbols;ArrowUpRight;arrowupright.svg;
Symbols;SM3_Robotics_Visu.VisuSymbols;BackFast;backfast.svg;
Symbols;SM3_Robotics_Visu.VisuSymbols;BackSlowly;backslowly.svg;
Symbols;SM3_Robotics_Visu.VisuSymbols;BackStandard;backstandard.svg;
Symbols;SM3_Robotics_Visu.VisuSymbols;BatteryCritical;batterycritical.svg;
Symbols;SM3_Robotics_Visu.VisuSymbols;BatteryFull;batteryfull.svg;
Symbols;SM3_Robotics_Visu.VisuSymbols;BatteryLow;batterylow.svg;
Symbols;SM3_Robotics_Visu.VisuSymbols;BatteryMedium;batterymedium.svg;
Symbols;SM3_Robotics_Visu.VisuSymbols;Bell;bell.svg;
Symbols;SM3_Robotics_Visu.VisuSymbols;Bold;bold.svg;
Symbols;SM3_Robotics_Visu.VisuSymbols;Box;box.svg;
Symbols;SM3_Robotics_Visu.VisuSymbols;Bracket;bracket.svg;
Symbols;SM3_Robotics_Visu.VisuSymbols;Bracket2;bracket2.svg;
Symbols;SM3_Robotics_Visu.VisuSymbols;Calculator;calculator.svg;
Symbols;SM3_Robotics_Visu.VisuSymbols;Calender;calender.svg;
Symbols;SM3_Robotics_Visu.VisuSymbols;CalenderDate;calenderdate.svg;
Symbols;SM3_Robotics_Visu.VisuSymbols;CalenderDay;calenderday.svg;
Symbols;SM3_Robotics_Visu.VisuSymbols;Caution;caution.svg;
Symbols;SM3_Robotics_Visu.VisuSymbols;Caution2;caution2.svg;
Symbols;SM3_Robotics_Visu.VisuSymbols;Centered;centered.svg;
Symbols;SM3_Robotics_Visu.VisuSymbols;Chart;chart.svg;
Symbols;SM3_Robotics_Visu.VisuSymbols;Chart2;chart2.svg;
Symbols;SM3_Robotics_Visu.VisuSymbols;Checklist;checklist.svg;
Symbols;SM3_Robotics_Visu.VisuSymbols;Clipboard;clipboard.svg;
Symbols;SM3_Robotics_Visu.VisuSymbols;Clock;clock.svg;
Symbols;SM3_Robotics_Visu.VisuSymbols;Color;color.svg;
Symbols;SM3_Robotics_Visu.VisuSymbols;ControlPanel;controlpanel.svg;
Symbols;SM3_Robotics_Visu.VisuSymbols;Database;database.svg;
Symbols;SM3_Robotics_Visu.VisuSymbols;Database2;database2.svg;
Symbols;SM3_Robotics_Visu.VisuSymbols;Delete;delete.svg;
Symbols;SM3_Robotics_Visu.VisuSymbols;DeleteUser;deleteuser.svg;
Symbols;SM3_Robotics_Visu.VisuSymbols;Diagram;diagram.svg;
Symbols;SM3_Robotics_Visu.VisuSymbols;Doc;doc.svg;
Symbols;SM3_Robotics_Visu.VisuSymbols;Doc-;doc-.svg;
Symbols;SM3_Robotics_Visu.VisuSymbols;Doc+;doc+.svg;
Symbols;SM3_Robotics_Visu.VisuSymbols;Doc2-;doc2-.svg;
Symbols;SM3_Robotics_Visu.VisuSymbols;Doc2+;doc2+.svg;
Symbols;SM3_Robotics_Visu.VisuSymbols;Doc2Code;doc2code.svg;
Symbols;SM3_Robotics_Visu.VisuSymbols;Doc2Delete;doc2delete.svg;
Symbols;SM3_Robotics_Visu.VisuSymbols;Doc2Download;doc2download.svg;
Symbols;SM3_Robotics_Visu.VisuSymbols;Doc2Edit;doc2edit.svg;
Symbols;SM3_Robotics_Visu.VisuSymbols;Doc2empty;doc2empty.svg;
Symbols;SM3_Robotics_Visu.VisuSymbols;Doc2Favorite;doc2favorite.svg;
Symbols;SM3_Robotics_Visu.VisuSymbols;Doc2PDF;doc2pdf.svg;
Symbols;SM3_Robotics_Visu.VisuSymbols;Doc2Upload;doc2upload.svg;
Symbols;SM3_Robotics_Visu.VisuSymbols;DocExcel;docexcel.svg;
Symbols;SM3_Robotics_Visu.VisuSymbols;DocExcel2;docexcel2.svg;
Symbols;SM3_Robotics_Visu.VisuSymbols;DocExcel3;docexcel3.svg;
Symbols;SM3_Robotics_Visu.VisuSymbols;DocWord;docword.svg;
Symbols;SM3_Robotics_Visu.VisuSymbols;DoubleArrow1;doublearrow1.svg;
Symbols;SM3_Robotics_Visu.VisuSymbols;DoubleArrow2;doublearrow2.svg;
Symbols;SM3_Robotics_Visu.VisuSymbols;DoubleArrow3;doublearrow3.svg;
Symbols;SM3_Robotics_Visu.VisuSymbols;DoubleArrow4;doublearrow4.svg;
Symbols;SM3_Robotics_Visu.VisuSymbols;DoubleArrow5;doublearrow5.svg;
Symbols;SM3_Robotics_Visu.VisuSymbols;DoubleArrow6;doublearrow6.svg;
Symbols;SM3_Robotics_Visu.VisuSymbols;Download;download.svg;
Symbols;SM3_Robotics_Visu.VisuSymbols;Edit;edit.svg;
Symbols;SM3_Robotics_Visu.VisuSymbols;Editor;editor.svg;
Symbols;SM3_Robotics_Visu.VisuSymbols;EditorEmpty;editorempty.svg;
Symbols;SM3_Robotics_Visu.VisuSymbols;EditUser;edituser.svg;
Symbols;SM3_Robotics_Visu.VisuSymbols;Eject;eject.svg;
Symbols;SM3_Robotics_Visu.VisuSymbols;Eraser;eraser.svg;
Symbols;SM3_Robotics_Visu.VisuSymbols;Favorite;favorite.svg;
Symbols;SM3_Robotics_Visu.VisuSymbols;Folder;folder.svg;
Symbols;SM3_Robotics_Visu.VisuSymbols;FolderAdd;folderadd.svg;
Symbols;SM3_Robotics_Visu.VisuSymbols;FolderChecked;folderchecked.svg;
Symbols;SM3_Robotics_Visu.VisuSymbols;FolderClosed;folderclosed.svg;
Symbols;SM3_Robotics_Visu.VisuSymbols;FolderConnected;folderconnected.svg;
Symbols;SM3_Robotics_Visu.VisuSymbols;FolderFavorite;folderfavorite.svg;
Symbols;SM3_Robotics_Visu.VisuSymbols;FolderNoAccess;foldernoaccess.svg;
Symbols;SM3_Robotics_Visu.VisuSymbols;FolderSubract;foldersubract.svg;
Symbols;SM3_Robotics_Visu.VisuSymbols;Font;font.svg;
Symbols;SM3_Robotics_Visu.VisuSymbols;ForwardFast;forwardfast.svg;
Symbols;SM3_Robotics_Visu.VisuSymbols;ForwardSlowly;forwardslowly.svg;
Symbols;SM3_Robotics_Visu.VisuSymbols;ForwardStandard;forwardstandard.svg;
Symbols;SM3_Robotics_Visu.VisuSymbols;Globe;globe.svg;
Symbols;SM3_Robotics_Visu.VisuSymbols;Home;home.svg;
Symbols;SM3_Robotics_Visu.VisuSymbols;HourGlass;hourglass.svg;
Symbols;SM3_Robotics_Visu.VisuSymbols;HourGlassDown;hourglassdown.svg;
Symbols;SM3_Robotics_Visu.VisuSymbols;HourGlassUp;hourglassup.svg;
Symbols;SM3_Robotics_Visu.VisuSymbols;Humidity;humidity.svg;
Symbols;SM3_Robotics_Visu.VisuSymbols;Information;information.svg;
Symbols;SM3_Robotics_Visu.VisuSymbols;IPod;ipod.svg;
Symbols;SM3_Robotics_Visu.VisuSymbols;Italic;italic.svg;
Symbols;SM3_Robotics_Visu.VisuSymbols;Justification;justification.svg;
Symbols;SM3_Robotics_Visu.VisuSymbols;Keeper;keeper.svg;
Symbols;SM3_Robotics_Visu.VisuSymbols;Key;key.svg;
Symbols;SM3_Robotics_Visu.VisuSymbols;Left-aligned;left-aligned.svg;
Symbols;SM3_Robotics_Visu.VisuSymbols;light;light.svg;
Symbols;SM3_Robotics_Visu.VisuSymbols;Link;link.svg;
Symbols;SM3_Robotics_Visu.VisuSymbols;ListNumbers;listnumbers.svg;
Symbols;SM3_Robotics_Visu.VisuSymbols;ListPoints;listpoints.svg;
Symbols;SM3_Robotics_Visu.VisuSymbols;Lock;lock.svg;
Symbols;SM3_Robotics_Visu.VisuSymbols;LockOpen;lockopen.svg;
Symbols;SM3_Robotics_Visu.VisuSymbols;loudspeaker;loudspeaker.svg;
Symbols;SM3_Robotics_Visu.VisuSymbols;loudspeakerLoud;loudspeakerloud.svg;
Symbols;SM3_Robotics_Visu.VisuSymbols;loudspeakerMedium;loudspeakermedium.svg;
Symbols;SM3_Robotics_Visu.VisuSymbols;loudspeakerOff;loudspeakeroff.svg;
Symbols;SM3_Robotics_Visu.VisuSymbols;Loupe;loupe.svg;
Symbols;SM3_Robotics_Visu.VisuSymbols;LoupeZoom-;loupezoom-.svg;
Symbols;SM3_Robotics_Visu.VisuSymbols;LoupeZoom+;loupezoom+.svg;
Symbols;SM3_Robotics_Visu.VisuSymbols;Marker;marker.svg;
Symbols;SM3_Robotics_Visu.VisuSymbols;Marker-;marker-.svg;
Symbols;SM3_Robotics_Visu.VisuSymbols;Marker+;marker+.svg;
Symbols;SM3_Robotics_Visu.VisuSymbols;Meter;meter.svg;
Symbols;SM3_Robotics_Visu.VisuSymbols;Micro;micro.svg;
Symbols;SM3_Robotics_Visu.VisuSymbols;MonitorCurve;monitorcurve.svg;
Symbols;SM3_Robotics_Visu.VisuSymbols;MonitorDiagram;monitordiagram.svg;
Symbols;SM3_Robotics_Visu.VisuSymbols;Mouse;mouse.svg;
Symbols;SM3_Robotics_Visu.VisuSymbols;Network;network.svg;
Symbols;SM3_Robotics_Visu.VisuSymbols;No;no.svg;
Symbols;SM3_Robotics_Visu.VisuSymbols;Note;note.svg;
Symbols;SM3_Robotics_Visu.VisuSymbols;NoteDouble;notedouble.svg;
Symbols;SM3_Robotics_Visu.VisuSymbols;OK;ok.svg;
Symbols;SM3_Robotics_Visu.VisuSymbols;Pause;pause.svg;
Symbols;SM3_Robotics_Visu.VisuSymbols;Phone;phone.svg;
Symbols;SM3_Robotics_Visu.VisuSymbols;Play;play.svg;
Symbols;SM3_Robotics_Visu.VisuSymbols;Print;print.svg;
Symbols;SM3_Robotics_Visu.VisuSymbols;Question;question.svg;
Symbols;SM3_Robotics_Visu.VisuSymbols;Rec;rec.svg;
Symbols;SM3_Robotics_Visu.VisuSymbols;right-aligned;right-aligned.svg;
Symbols;SM3_Robotics_Visu.VisuSymbols;RSS1;rss1.svg;
Symbols;SM3_Robotics_Visu.VisuSymbols;RSS2;rss2.svg;
Symbols;SM3_Robotics_Visu.VisuSymbols;Save;save.svg;
Symbols;SM3_Robotics_Visu.VisuSymbols;Screen;screen.svg;
Symbols;SM3_Robotics_Visu.VisuSymbols;Security;security.svg;
Symbols;SM3_Robotics_Visu.VisuSymbols;Sign;sign.svg;
Symbols;SM3_Robotics_Visu.VisuSymbols;Sign2;sign2.svg;
Symbols;SM3_Robotics_Visu.VisuSymbols;Signal;signal.svg;
Symbols;SM3_Robotics_Visu.VisuSymbols;Speech;speech.svg;
Symbols;SM3_Robotics_Visu.VisuSymbols;Stop;stop.svg;
Symbols;SM3_Robotics_Visu.VisuSymbols;Stopwatch;stopwatch.svg;
Symbols;SM3_Robotics_Visu.VisuSymbols;Technique;technique.svg;
Symbols;SM3_Robotics_Visu.VisuSymbols;Text;text.svg;
Symbols;SM3_Robotics_Visu.VisuSymbols;Timer;timer.svg;
Symbols;SM3_Robotics_Visu.VisuSymbols;TreeDown;treedown.svg;
Symbols;SM3_Robotics_Visu.VisuSymbols;TreeRight;treeright.svg;
Symbols;SM3_Robotics_Visu.VisuSymbols;TreeUp;treeup.svg;
Symbols;SM3_Robotics_Visu.VisuSymbols;TriangleDown;triangledown.svg;
Symbols;SM3_Robotics_Visu.VisuSymbols;TriangleLeft;triangleleft.svg;
Symbols;SM3_Robotics_Visu.VisuSymbols;TriangleRight;triangleright.svg;
Symbols;SM3_Robotics_Visu.VisuSymbols;TriangleUp;triangleup.svg;
Symbols;SM3_Robotics_Visu.VisuSymbols;TwoWheels;twowheels.svg;
Symbols;SM3_Robotics_Visu.VisuSymbols;Underline;underline.svg;
Symbols;SM3_Robotics_Visu.VisuSymbols;USB;usb.svg;
Symbols;SM3_Robotics_Visu.VisuSymbols;User;user.svg;
Symbols;SM3_Robotics_Visu.VisuSymbols;Ventilator;ventilator.svg;
Symbols;SM3_Robotics_Visu.VisuSymbols;View;view.svg;
Symbols;SM3_Robotics_Visu.VisuSymbols;voltage;voltage.svg;
Symbols;SM3_Robotics_Visu.VisuSymbols;Wheel;wheel.svg;
Symbols;SM3_Robotics_Visu.VisuSymbols;Wrong;wrong.svg;
Symbols;SM3_Robotics_Visu.VisuSymbols;Yes;yes.svg;
Symbols;SM3_Robotics_Visu.VisuSymbols;Clock_Blue_Chrome;clock_blue.svg;
Symbols;SM3_Robotics_Visu.VisuSymbols;Clock_Gray_Chrome;clock_gray.svg;
Symbols;SM3_Robotics_Visu.VisuSymbols;Clock_Green_Chrome;clock_green.svg;
Symbols;SM3_Robotics_Visu.VisuSymbols;Clock_Red_Chrome;clock_red.svg;
Symbols;SM3_Robotics_Visu.VisuSymbols;Clock_Yellow_Chrome;clock_yellow.svg;
Symbols;SM3_Robotics_Visu.VisuSymbols;Clock_Blue_FlatStyle;clock_blue.svg;
Symbols;SM3_Robotics_Visu.VisuSymbols;Clock_Gray_FlatStyle;clock_gray.svg;
Symbols;SM3_Robotics_Visu.VisuSymbols;Clock_Green_FlatStyle;clock_green.svg;
Symbols;SM3_Robotics_Visu.VisuSymbols;Clock_Red_FlatStyle;clock_red.svg;
Symbols;SM3_Robotics_Visu.VisuSymbols;Clock_Yellow_FlatStyle;clock_yellow.svg;
Symbols;SM3_Robotics_Visu.VisuSymbols;Clock_Blue;clock_blue.svg;
Symbols;SM3_Robotics_Visu.VisuSymbols;Clock_Gray;clock_gray.svg;
Symbols;SM3_Robotics_Visu.VisuSymbols;Clock_Green;clock_green.svg;
Symbols;SM3_Robotics_Visu.VisuSymbols;Clock_Red;clock_red.svg;
Symbols;SM3_Robotics_Visu.VisuSymbols;Clock_Yellow;clock_yellow.svg;
ImagePool_sm3;SM3_Basic;logo;logo.bmp;
ImagePool_sm3;SM3_Basic;plc-mc-logo;plc-mc-logo.bmp;
ImagePoolDialogs;VisuDialogs;Login;login.bmp;
ImagePoolDialogs;VisuDialogs;Title;title.bmp;
ImagePoolDialogs;VisuDialogs;Title2;title2.bmp;
ImagePoolDialogs;VisuDialogs;File;file.bmp;
ImagePoolDialogs;VisuDialogs;FileOpen;fileopen.bmp;
ImagePoolDialogs;VisuDialogs;DirNew;dirnew.bmp;
ImagePoolDialogs;VisuDialogs;DirUp;dirup.bmp;
ImagePoolDialogs;VisuDialogs;Txt;textdocument.bmp;
ImagePoolDialogs;VisuDialogs;Dir;folder.bmp;
ImagePoolDialogs;VisuDialogs;Delete;delete.bmp;
ImagePool_cnc_sm3;SM3_CNC;logo;logo.bmp;
ImagePool_cnc_sm3;SM3_CNC;plc-mc-logo;plc-mc-logo.bmp;
